Name,Date of Birth,Address,Department,Email,Phone
Jobina Foulstone,04/01/1980,141 Hallows Way,WEB,jobina.foulstone@example.com,+6281234567890
Mollie Vanyashkin,04/01/1980,8506 Stone Corner Hill,SYSTEM,mollie.vanyashkin@example.com,+6281234567891
Teodorico Gerred,05/01/1980,06 Bay Crossing,QA,teodorico.gerred@example.com,+6281234567892
Cointon Goodacre,10/01/1980,69 Cascade Hill,WEB,cointon.goodacre@example.com,+6281234567893
Bette Leicester,11/01/1980,96 Blaine Way,MOBILE,bette.leicester@example.com,+6281234567894
Zollie Attreed,12/01/1980,76242 7th Lane,WEB,zollie.attreed@example.com,+6281234567895
Felecia Peagram,15/01/1980,78447 Corry Avenue,QA,felecia.peagram@example.com,+6281234567896
Shamus Rate,18/01/1980,6 East Place,MOBILE,shamus.rate@example.com,+6281234567897
Milena Bravington,18/01/1980,58946 Rutledge Hill,QA,milena.bravington@example.com,+6281234567898
Justino Shawdforth,19/01/1980,6 Summerview Way,SYSTEM,justino.shawdforth@example.com,+6281234567899
Stu Bertolaccini,20/01/1980,7 Oneill Terrace,QA,stu.bertolaccini@example.com,+6281234567800
Cleopatra McKeon,23/01/1980,1355 Vidon Junction,MOBILE,cleopatra.mckeon@example.com,+6281234567801
Honey Darbyshire,26/01/1980,579 Loomis Lane,ADMIN,honey.darbyshire@example.com,+6281234567802
Waneta Stoves,02/02/1980,738 Dawn Center,MOBILE,waneta.stoves@example.com,+6281234567803
Aylmer Androletti,04/02/1980,57706 Londonderry Circle,ADMIN,aylmer.androletti@example.com,+6281234567804
Yurik Guiet,05/02/1980,8 Declaration Street,WEB,yurik.guiet@example.com,+6281234567805
Lee Surgey,06/02/1980,0 Green Court,QA,lee.surgey@example.com,+6281234567806
Willi Trotman,06/02/1980,41686 Myrtle Road,SYSTEM,willi.trotman@example.com,+6281234567807
Jordana Litton,07/02/1980,4575 Badeau Way,WEB,jordana.litton@example.com,+6281234567808
Jarvis Sclater,08/02/1980,27478 Commercial Center,ADMIN,jarvis.sclater@example.com,+6281234567809
Deloria Vernon,08/02/1980,940 Hanson Circle,SYSTEM,deloria.vernon@example.com,+6281234567810
Dwain Purches,08/02/1980,90824 Brentwood Street,SYSTEM,dwain.purches@example.com,+6281234567811
Isabella Berick,09/02/1980,32 Green Alley,WEB,isabella.berick@example.com,+6281234567812
Pris Bellhanger,10/02/1980,8148 Michigan Street,WEB,pris.bellhanger@example.com,+6281234567813
Emmaline Kenningham,10/02/1980,5 Ramsey Plaza,WEB,emmaline.kenningham@example.com,+6281234567814
Garrek Dericot,14/02/1980,90 Ilene Crossing,QA,garrek.dericot@example.com,+6281234567815
Harman Cave,14/02/1980,218 Lotheville Lane,MOBILE,harman.cave@example.com,+6281234567816
Lurline Pleasants,14/02/1980,448 Waywood Pass,WEB,lurline.pleasants@example.com,+6281234567817
Abeu Rosenau,18/02/1980,9 Eliot Hill,SYSTEM,abeu.rosenau@example.com,+6281234567818
